{"loss": [0.5379635691642761, 0.5117752552032471, 0.5072296857833862, 0.5038167238235474, 0.503419041633606, 0.504666268825531, 0.4996531307697296, 0.5006175637245178, 0.5003754496574402, 0.4977862536907196, 0.495000422000885, 0.4972130060195923, 0.49736902117729187, 0.4973841905593872, 0.49696022272109985, 0.49869275093078613, 0.495160311460495, 0.4908830523490906, 0.49440011382102966, 0.49480053782463074, 0.4931197464466095, 0.49323588609695435, 0.4956047832965851, 0.4952031672000885, 0.4904952347278595, 0.49237093329429626, 0.4925163984298706, 0.4934203624725342, 0.4928973913192749, 0.49294620752334595, 0.49361297488212585, 0.4903598725795746, 0.49044138193130493, 0.49119439721107483, 0.4935140311717987, 0.49076953530311584, 0.49164488911628723], "accuracy": [0.8931249976158142, 0.9448124766349792, 0.945562481880188, 0.9578750133514404, 0.9592499732971191, 0.9596874713897705, 0.9671875238418579, 0.9656899571418762, 0.9703124761581421, 0.9695000052452087, 0.9710624814033508, 0.973312497138977, 0.9739999771118164, 0.9731875061988831, 0.9736413955688477, 0.9760000109672546, 0.9767500162124634, 0.9777500033378601, 0.9808750152587891, 0.9794999957084656, 0.9815624952316284, 0.981279730796814, 0.9800000190734863, 0.9813125133514404, 0.9809374809265137, 0.9841874837875366, 0.9836249947547913, 0.9829375147819519, 0.9837841391563416, 0.9824374914169312, 0.984624981880188, 0.9838749766349792, 0.9862499833106995, 0.9859374761581421, 0.9856250286102295, 0.9871249794960022, 0.9854745864868164], "val_loss": [0.5117320418357849, 0.5033751726150513, 0.5007495284080505, 0.5010678172111511, 0.49838680028915405, 0.4981140196323395, 0.49796050786972046, 0.4969932436943054, 0.49636298418045044, 0.49964436888694763, 0.495995432138443, 0.49513354897499084, 0.49558350443840027, 0.4967798888683319, 0.4947766959667206, 0.49509376287460327, 0.49469414353370667, 0.4932136535644531, 0.49318528175354004, 0.49398601055145264, 0.4931589961051941, 0.49343255162239075, 0.49306583404541016, 0.49284180998802185, 0.4930739104747772, 0.4926187992095947, 0.4919905364513397, 0.49242186546325684, 0.49249032139778137, 0.493167519569397, 0.4927907884120941, 0.49237456917762756, 0.4922272861003876, 0.492299884557724, 0.4923478066921234, 0.49237728118896484, 0.49250298738479614], "val_accuracy": [0.9368749856948853, 0.9574999809265137, 0.9674999713897705, 0.9649999737739563, 0.9700000286102295, 0.9743750095367432, 0.9743750095367432, 0.9781249761581421, 0.9750000238418579, 0.9649999737739563, 0.9768750071525574, 0.9787499904632568, 0.9768750071525574, 0.9731249809265137, 0.9781249761581421, 0.9762499928474426, 0.9825000166893005, 0.9856250286102295, 0.9837499856948853, 0.9831249713897705, 0.9850000143051147, 0.9837499856948853, 0.9850000143051147, 0.9850000143051147, 0.9850000143051147, 0.9856250286102295, 0.9862499833106995, 0.984375, 0.9850000143051147, 0.9856250286102295, 0.9850000143051147, 0.9856250286102295, 0.9856250286102295, 0.9850000143051147, 0.984375, 0.984375, 0.9850000143051147], "epoch": [0, 1, 2, 3, 4, 5, 6, 7, 8, 9, 10, 11, 12, 13, 14, 15, 16, 17, 18, 19, 20, 21, 22, 23, 24, 25, 26, 27, 28, 29, 30, 31, 32, 33, 34, 35, 36], "walltime": [27, 23, 23, 23, 23, 23, 22, 19, 18, 19, 18, 19, 19, 18, 19, 18, 18, 18, 18, 18, 18, 18, 19, 18, 18, 18, 18, 18, 18, 20, 18, 18, 18, 18, 19, 18, 18]}