{"loss": [0.3886030614376068, 0.1978810578584671, 0.2202325165271759, 0.16037389636039734, 0.13487008213996887, 0.13896477222442627, 0.14591659605503082, 0.12294082343578339, 0.10764699429273605, 0.1104794517159462, 0.10362094640731812, 0.09802661836147308, 0.11316705495119095, 0.09676067531108856, 0.14382487535476685, 0.07340817898511887, 0.07541996240615845, 0.08418621122837067, 0.06477971374988556, 0.07130726426839828, 0.048197872936725616, 0.06056584417819977, 0.057881563901901245, 0.05795649066567421, 0.06498970836400986, 0.056895866990089417, 0.08161776512861252, 0.05363008752465248, 0.04686639457941055, 0.07488401979207993, 0.06896420568227768, 0.07080797851085663, 0.04980255663394928, 0.08369622379541397, 0.2833934724330902, 0.1770414263010025, 0.13500118255615234, 0.11805697530508041, 0.11036551743745804, 0.058632586151361465, 0.04456964135169983, 0.05437880754470825, 0.03904799371957779, 0.04664170369505882, 0.04016825184226036, 0.0516805425286293, 0.04657113924622536, 0.04145258665084839, 0.04493514075875282, 0.031004343181848526], "accuracy": [0.8934375047683716, 0.9445624947547913, 0.9446250200271606, 0.9545000195503235, 0.9662500023841858, 0.9674375057220459, 0.9672499895095825, 0.9700726270675659, 0.9745625257492065, 0.9742500185966492, 0.9765625, 0.9774374961853027, 0.976687490940094, 0.9743124842643738, 0.9662534594535828, 0.9801874756813049, 0.9813125133514404, 0.9788749814033508, 0.9856250286102295, 0.9832500219345093, 0.9879999756813049, 0.9869145750999451, 0.9859374761581421, 0.9864374995231628, 0.9851874709129333, 0.9893749952316284, 0.9825000166893005, 0.9855625033378601, 0.988730251789093, 0.9818124771118164, 0.9816874861717224, 0.9851250052452087, 0.9899374842643738, 0.9857500195503235, 0.9552500247955322, 0.9736250042915344, 0.9780866503715515, 0.9807500243186951, 0.9826874732971191, 0.984499990940094, 0.9879375100135803, 0.9870625138282776, 0.9894999861717224, 0.9893563985824585, 0.9894999861717224, 0.9897500276565552, 0.9893749952316284, 0.9915624856948853, 0.9894999861717224, 0.9911875128746033], "val_loss": [0.19078180193901062, 0.1783125102519989, 0.16358445584774017, 0.11992604285478592, 0.10765926539897919, 0.10108562558889389, 0.0881342962384224, 0.08517768234014511, 0.08152631670236588, 0.09606172889471054, 0.08375757187604904, 0.09317541867494583, 0.09302964806556702, 0.10008671879768372, 0.09026932716369629, 0.08456604927778244, 0.08818400651216507, 0.0898069441318512, 0.08070999383926392, 0.0732332095503807, 0.07367848604917526, 0.07219073176383972, 0.0666218250989914, 0.09983713924884796, 0.06741578876972198, 0.06572773307561874, 0.07836756110191345, 0.06982269138097763, 0.06670241057872772, 0.07205387949943542, 0.0857217088341713, 0.08029648661613464, 0.06996861845254898, 0.41408589482307434, 0.23525069653987885, 0.16236932575702667, 0.1172051727771759, 0.0953378900885582, 0.09063930809497833, 0.06200224906206131, 0.060285862535238266, 0.060521822422742844, 0.06661932170391083, 0.06657719612121582, 0.06546948850154877, 0.06184152141213417, 0.06541970372200012, 0.06420654058456421, 0.06424257904291153, 0.06409262865781784], "val_accuracy": [0.9418749809265137, 0.956250011920929, 0.9643750190734863, 0.9706249833106995, 0.9768750071525574, 0.9737499952316284, 0.9793750047683716, 0.9793750047683716, 0.9787499904632568, 0.9787499904632568, 0.9837499856948853, 0.9837499856948853, 0.981249988079071, 0.9793750047683716, 0.981249988079071, 0.987500011920929, 0.9862499833106995, 0.9868749976158142, 0.9881250262260437, 0.9900000095367432, 0.9887499809265137, 0.9906250238418579, 0.9893749952316284, 0.9856250286102295, 0.9912499785423279, 0.9912499785423279, 0.984375, 0.9893749952316284, 0.9900000095367432, 0.9868749976158142, 0.9856250286102295, 0.9893749952316284, 0.9906250238418579, 0.9449999928474426, 0.9700000286102295, 0.9818750023841858, 0.9831249713897705, 0.984375, 0.987500011920929, 0.987500011920929, 0.9887499809265137, 0.9893749952316284, 0.9918749928474426, 0.9918749928474426, 0.9918749928474426, 0.9906250238418579, 0.9918749928474426, 0.9925000071525574, 0.9931250214576721, 0.9931250214576721], "epoch": [0, 1, 2, 3, 4, 5, 6, 7, 8, 9, 10, 11, 12, 13, 14, 15, 16, 17, 18, 19, 20, 21, 22, 23, 24, 25, 26, 27, 28, 29, 30, 31, 32, 33, 34, 35, 36, 37, 38, 39, 40, 41, 42, 43, 44, 45, 46, 47, 48, 49], "walltime": [16, 13, 13, 13, 13, 17, 25, 19, 14, 14, 14, 14, 14, 14, 15, 14, 14, 15, 14, 14, 14, 15, 14, 14, 14, 15, 14, 14, 13, 15, 13, 14, 13, 13, 14, 13, 14, 14, 14, 14, 13, 13, 13, 14, 14, 13, 14, 14, 13, 13]}